﻿designator,quantity,value,pack,mpn,mount_type
"C14, C15, C4, C5, C6",5,x,C_0805_2012Metric_Pad1.18x1.45mm_HandSolder,,smt
"C16, C17, C18, C25, C28, C32, C33",7,10u,C_0603_1608Metric_Pad1.08x0.95mm_HandSolder,,smt
"C19, C20, C39, C42",4,x,C_0603_1608Metric_Pad1.08x0.95mm_HandSolder,,smt
C2,1,PHVL-3R9V505-R,PHVL3R9V505R,,tht
"C21, C22, C26, C27, C29, C31, C34, C37, C40, C41, C43, C44, C45, C46",14,100n,C_0603_1608Metric_Pad1.08x0.95mm_HandSolder,,smt
C38,1,1u,C_0603_1608Metric_Pad1.08x0.95mm_HandSolder,,smt
"D1, D2, D3, D5",4,621-PD3S140-7,D_SOD-323_HandSoldering,,smt
D11,1,D_Zener,D_SOD-523,,smt
D4,1,LED,LED_0805_2012Metric_Pad1.15x1.40mm_HandSolder,,smt
D8,1,x,D_SOD-323_HandSoldering,,smt
FB1,1,120R,C_0603_1608Metric_Pad1.08x0.95mm_HandSolder,,smt
J1,1,TC2030_SWD-MCP-NL,Tag-Connect_TC2030-IDC-NL_2x03_P1.27mm_Vertical,,tht
"JP1, JP2, JP3, JP4, JP5, JP6",6,SolderJumper_2_Open,SolderJumper-2_P1.3mm_Open_RoundedPad1.0x1.5mm,,tht
L2,1,xu,Wurth Coil Connector,,smt
L4,1,1u5,L_Coilcraft_XxL4020,,smt
L5,1,2u2,WE-MAPI_4020,,smt
"Q1, Q2",2,NTR4503,SOT-23,,smt
"R1, R14, R25",3,x,R_0603_1608Metric_Pad0.98x0.95mm_HandSolder,,smt
"R11, R13, R29, R30, R31, R32",6,10k,R_0603_1608Metric_Pad0.98x0.95mm_HandSolder,,smt
"R15, R2, R3",3,100k,R_0603_1608Metric_Pad0.98x0.95mm_HandSolder,,smt
R22,1,470k,R_0603_1608Metric_Pad0.98x0.95mm_HandSolder,,smt
R23,1,150k,R_0603_1608Metric_Pad0.98x0.95mm_HandSolder,,smt
R28,1,0.1,R_1206_3216Metric_Pad1.30x1.75mm_HandSolder,,smt
"R33, R34",2,10,R_0603_1608Metric_Pad0.98x0.95mm_HandSolder,,smt
SW1,1,SW_Push,SW_Push_1P1T_NO_CK_KMR2,,smt
TP1,1,Coil+,TestPoint_THTPad_2.5x2.5mm_Drill1.2mm,,tht
"TP10, TP11",2,GND,TestPoint_THTPad_2.5x2.5mm_Drill1.2mm,,tht
TP2,1,Coil-,TestPoint_THTPad_2.5x2.5mm_Drill1.2mm,,tht
TP3,1,TestPoint,TestPoint_Pad_2.5x2.5mm,,tht
TP4,1,SDA,TestPoint_THTPad_2.5x2.5mm_Drill1.2mm,,tht
TP5,1,SCL,TestPoint_THTPad_2.5x2.5mm_Drill1.2mm,,tht
TP6,1,VOUT,TestPoint_THTPad_2.5x2.5mm_Drill1.2mm,,tht
TP7,1,SUBSYS_COMM_TX,TestPoint_THTPad_2.5x2.5mm_Drill1.2mm,,tht
TP8,1,VRECT,TestPoint_THTPad_2.5x2.5mm_Drill1.2mm,,tht
TP9,1,SUBSYS_COMM_RX,TestPoint_THTPad_2.5x2.5mm_Drill1.2mm,,tht
"U1, U12",2,MIC94081YFT-TR,FTDFN085085-4LD-PL-1_MCH,,smt
U10,1,STM32L071KZUx,QFN-32-1EP_5x5mm_P0.5mm_EP3.45x3.45mm,,smt
U11,1,INA230AIRGTR,RGT16_1P7X1P7,,smt
U2,1,~,Jona Name,,smt
U4,1,~,dramco_logo_small,,tht
U6,1,AD5142ABCPZ100-RL7,CP_16_22_ADI,,smt
U8,1,TPS630701RNMR,RNM0015A,,smt
U9,1,TPS61094DSSR,WSON_94DSSR_TEX,,smt
Y1,1,ABS07-32.768KHZ-7-T,ABS07,,smt
