﻿pos_x,pos_y,rotation,side,designator,mpn,pack,value,mount_type,place
131.826,-134.8955,-90.0,top,C14,,C_0805_2012Metric_Pad1.18x1.45mm_HandSolder,x,smt,True
129.794,-134.8955,-90.0,top,C15,,C_0805_2012Metric_Pad1.18x1.45mm_HandSolder,x,smt,True
143.002,-130.6365,-90.0,top,C16,,C_0603_1608Metric_Pad1.08x0.95mm_HandSolder,10u,smt,True
141.478,-130.6365,-90.0,top,C17,,C_0603_1608Metric_Pad1.08x0.95mm_HandSolder,10u,smt,True
139.954,-130.6365,-90.0,top,C18,,C_0603_1608Metric_Pad1.08x0.95mm_HandSolder,10u,smt,True
135.0275,-125.476,0.0,top,C19,,C_0603_1608Metric_Pad1.08x0.95mm_HandSolder,x,smt,True
138.366,-106.426,0.0,bottom,C2,,PHVL3R9V505R,PHVL-3R9V505-R,tht,True
134.7735,-135.89,0.0,top,C20,,C_0603_1608Metric_Pad1.08x0.95mm_HandSolder,x,smt,True
143.0782,-114.427,-90.0,top,C21,,C_0603_1608Metric_Pad1.08x0.95mm_HandSolder,100n,smt,True
147.255472,-105.5116,180.0,top,C22,,C_0603_1608Metric_Pad1.08x0.95mm_HandSolder,100n,smt,True
146.3985,-133.612001,180.0,top,C25,,C_0603_1608Metric_Pad1.08x0.95mm_HandSolder,10u,smt,True
146.3985,-132.118001,180.0,top,C26,,C_0603_1608Metric_Pad1.08x0.95mm_HandSolder,100n,smt,True
156.588,-133.2865,-90.0,top,C27,,C_0603_1608Metric_Pad1.08x0.95mm_HandSolder,100n,smt,True
155.094,-133.2865,-90.0,top,C28,,C_0603_1608Metric_Pad1.08x0.95mm_HandSolder,10u,smt,True
150.9205,-135.913001,0.0,top,C29,,C_0603_1608Metric_Pad1.08x0.95mm_HandSolder,100n,smt,True
145.9484,-110.75687,90.0,top,C31,,C_0603_1608Metric_Pad1.08x0.95mm_HandSolder,100n,smt,True
147.4124,-110.75687,90.0,top,C32,,C_0603_1608Metric_Pad1.08x0.95mm_HandSolder,10u,smt,True
155.4018,-113.817486,0.0,top,C33,,C_0603_1608Metric_Pad1.08x0.95mm_HandSolder,10u,smt,True
155.4018,-115.341486,0.0,top,C34,,C_0603_1608Metric_Pad1.08x0.95mm_HandSolder,100n,smt,True
128.016,-117.856,180.0,top,C37,,C_0603_1608Metric_Pad1.08x0.95mm_HandSolder,100n,smt,True
140.081,-119.38,0.0,top,C38,,C_0603_1608Metric_Pad1.08x0.95mm_HandSolder,1u,smt,True
125.8325,-110.3245,-90.0,top,C39,,C_0603_1608Metric_Pad1.08x0.95mm_HandSolder,x,smt,True
130.5345,-126.746,0.0,top,C4,,C_0805_2012Metric_Pad1.18x1.45mm_HandSolder,x,smt,True
140.081,-117.729,0.0,top,C40,,C_0603_1608Metric_Pad1.08x0.95mm_HandSolder,100n,smt,True
132.0625,-109.8665,90.0,top,C41,,C_0603_1608Metric_Pad1.08x0.95mm_HandSolder,100n,smt,True
125.8325,-113.6265,90.0,top,C42,,C_0603_1608Metric_Pad1.08x0.95mm_HandSolder,x,smt,True
140.1905,-113.538,0.0,top,C43,,C_0603_1608Metric_Pad1.08x0.95mm_HandSolder,100n,smt,True
135.237,-122.7975,-90.0,top,C44,,C_0603_1608Metric_Pad1.08x0.95mm_HandSolder,100n,smt,True
147.955,-126.365,0.0,top,C45,,C_0603_1608Metric_Pad1.08x0.95mm_HandSolder,100n,smt,True
147.114999,-122.428,-90.0,top,C46,,C_0603_1608Metric_Pad1.08x0.95mm_HandSolder,100n,smt,True
130.5345,-128.778,0.0,top,C5,,C_0805_2012Metric_Pad1.18x1.45mm_HandSolder,x,smt,True
130.5345,-130.81,0.0,top,C6,,C_0805_2012Metric_Pad1.18x1.45mm_HandSolder,x,smt,True
134.112,-128.504,-90.0,top,D1,,D_SOD-323_HandSoldering,621-PD3S140-7,smt,True
143.9795,-122.936,180.0,top,D11,,D_SOD-523,D_Zener,smt,True
134.112,-132.822,-90.0,top,D2,,D_SOD-323_HandSoldering,621-PD3S140-7,smt,True
136.144,-128.504,-90.0,top,D3,,D_SOD-323_HandSoldering,621-PD3S140-7,smt,True
143.9055,-121.031,0.0,top,D4,,LED_0805_2012Metric_Pad1.15x1.40mm_HandSolder,LED,smt,True
136.144,-132.822,-90.0,top,D5,,D_SOD-323_HandSoldering,621-PD3S140-7,smt,True
138.176,-130.81,-90.0,top,D8,,D_SOD-323_HandSoldering,x,smt,True
128.016,-116.332,0.0,top,FB1,,C_0603_1608Metric_Pad1.08x0.95mm_HandSolder,120R,smt,True
141.097,-109.982,180.0,top,J1,,Tag-Connect_TC2030-IDC-NL_2x03_P1.27mm_Vertical,TC2030_SWD-MCP-NL,tht,True
136.017,-117.419,0.0,bottom,JP1,,SolderJumper-2_P1.3mm_Open_RoundedPad1.0x1.5mm,SolderJumper_2_Open,tht,True
136.017,-114.808,0.0,bottom,JP2,,SolderJumper-2_P1.3mm_Open_RoundedPad1.0x1.5mm,SolderJumper_2_Open,tht,True
135.875,-112.268,180.0,bottom,JP3,,SolderJumper-2_P1.3mm_Open_RoundedPad1.0x1.5mm,SolderJumper_2_Open,tht,True
133.096,-116.952,-90.0,bottom,JP4,,SolderJumper-2_P1.3mm_Open_RoundedPad1.0x1.5mm,SolderJumper_2_Open,tht,True
142.494,-126.746,0.0,bottom,JP5,,SolderJumper-2_P1.3mm_Open_RoundedPad1.0x1.5mm,SolderJumper_2_Open,tht,True
148.921472,-108.712,0.0,bottom,JP6,,SolderJumper-2_P1.3mm_Open_RoundedPad1.0x1.5mm,SolderJumper_2_Open,tht,True
126.492,-134.874,90.0,top,L2,,Wurth Coil Connector,xu,smt,True
154.94,-129.159,-90.0,top,L4,,L_Coilcraft_XxL4020,1u5,smt,True
155.3013,-110.769486,-90.0,top,L5,,WE-MAPI_4020,2u2,smt,True
139.1135,-127.0,180.0,top,Q1,,SOT-23,NTR4503,smt,True
139.1135,-134.62,180.0,top,Q2,,SOT-23,NTR4503,smt,True
143.891,-119.253,0.0,top,R1,,R_0603_1608Metric_Pad0.98x0.95mm_HandSolder,x,smt,True
141.986,-134.5165,90.0,top,R11,,R_0603_1608Metric_Pad0.98x0.95mm_HandSolder,10k,smt,True
143.9175,-124.46,0.0,top,R13,,R_0603_1608Metric_Pad0.98x0.95mm_HandSolder,10k,smt,True
151.765,-115.12487,-90.0,top,R14,,R_0603_1608Metric_Pad0.98x0.95mm_HandSolder,x,smt,True
147.6185,-135.913001,0.0,top,R15,,R_0603_1608Metric_Pad0.98x0.95mm_HandSolder,100k,smt,True
139.573,-122.682,90.0,top,R2,,R_0603_1608Metric_Pad0.98x0.95mm_HandSolder,100k,smt,True
153.38,-133.254501,-90.0,top,R22,,R_0603_1608Metric_Pad0.98x0.95mm_HandSolder,470k,smt,True
154.2695,-135.913001,0.0,top,R23,,R_0603_1608Metric_Pad0.98x0.95mm_HandSolder,150k,smt,True
150.241,-115.12487,-90.0,top,R25,,R_0603_1608Metric_Pad0.98x0.95mm_HandSolder,x,smt,True
145.13425,-127.9415,90.0,top,R28,,R_1206_3216Metric_Pad1.30x1.75mm_HandSolder,0.1,smt,True
133.5865,-109.855,-90.0,top,R29,,R_0603_1608Metric_Pad0.98x0.95mm_HandSolder,10k,smt,True
138.049,-122.7055,-90.0,top,R3,,R_0603_1608Metric_Pad0.98x0.95mm_HandSolder,100k,smt,True
151.1065,-119.126,180.0,top,R30,,R_0603_1608Metric_Pad0.98x0.95mm_HandSolder,10k,smt,True
151.1065,-117.602,180.0,top,R31,,R_0603_1608Metric_Pad0.98x0.95mm_HandSolder,10k,smt,True
128.016,-119.38,0.0,top,R32,,R_0603_1608Metric_Pad0.98x0.95mm_HandSolder,10k,smt,True
147.955,-129.4395,0.0,top,R33,,R_0603_1608Metric_Pad0.98x0.95mm_HandSolder,10,smt,True
147.955,-127.9155,180.0,top,R34,,R_0603_1608Metric_Pad0.98x0.95mm_HandSolder,10,smt,True
131.681,-122.644,0.0,top,SW1,,SW_Push_1P1T_NO_CK_KMR2,SW_Push,smt,True
126.492,-123.19,0.0,top,TP1,,TestPoint_THTPad_2.5x2.5mm_Drill1.2mm,Coil+,tht,True
155.829,-106.172,90.0,top,TP10,,TestPoint_THTPad_2.5x2.5mm_Drill1.2mm,GND,tht,True
133.604,-106.172,0.0,top,TP11,,TestPoint_THTPad_2.5x2.5mm_Drill1.2mm,GND,tht,True
126.492,-131.064,0.0,top,TP2,,TestPoint_THTPad_2.5x2.5mm_Drill1.2mm,Coil-,tht,True
143.764,-135.382,180.0,bottom,TP3,,TestPoint_Pad_2.5x2.5mm,TestPoint,tht,True
155.829,-121.412,-90.0,top,TP4,,TestPoint_THTPad_2.5x2.5mm_Drill1.2mm,SDA,tht,True
155.829,-117.856,-90.0,top,TP5,,TestPoint_THTPad_2.5x2.5mm_Drill1.2mm,SCL,tht,True
152.273,-106.172,-90.0,top,TP6,,TestPoint_THTPad_2.5x2.5mm_Drill1.2mm,VOUT,tht,True
130.048,-106.172,0.0,top,TP7,,TestPoint_THTPad_2.5x2.5mm_Drill1.2mm,SUBSYS_COMM_TX,tht,True
155.829,-124.968,0.0,top,TP8,,TestPoint_THTPad_2.5x2.5mm_Drill1.2mm,VRECT,tht,True
126.492,-106.172,0.0,top,TP9,,TestPoint_THTPad_2.5x2.5mm_Drill1.2mm,SUBSYS_COMM_RX,tht,True
146.547472,-107.2388,90.0,top,U1,,FTDFN085085-4LD-PL-1_MCH,MIC94081YFT-TR,smt,True
134.4685,-115.812,0.0,top,U10,,QFN-32-1EP_5x5mm_P0.5mm_EP3.45x3.45mm,STM32L071KZUx,smt,True
150.670999,-122.820999,180.0,top,U11,,RGT16_1P7X1P7,INA230AIRGTR,smt,True
148.1081,-107.2134,-90.0,top,U12,,FTDFN085085-4LD-PL-1_MCH,MIC94081YFT-TR,smt,True
112.141,-143.891,0.0,top,U2,,Jona Name,~,smt,True
134.239,-132.461,180.0,bottom,U4,,dramco_logo_small,~,tht,True
146.558,-115.697,180.0,top,U6,,CP_16_22_ADI,AD5142ABCPZ100-RL7,smt,True
150.238,-132.879,90.0,top,U8,,RNM0015A,TPS630701RNMR,smt,True
150.2537,-111.136811,180.0,top,U9,,WSON_94DSSR_TEX,TPS61094DSSR,smt,True
128.7605,-111.982,-90.0,top,Y1,,ABS07,ABS07-32.768KHZ-7-T,smt,True
