﻿pos_x,pos_y,rotation,side,designator,mpn,pack,value,mount_type,place
154.506504,-113.236,-90.0,top,C1,,C_0603_1608Metric_Pad1.08x0.95mm_HandSolder,100n,smt,True
172.974,-109.728,180.0,top,C10,,C_0805_2012Metric_Pad1.18x1.45mm_HandSolder,1u 50V,smt,True
156.284504,-113.411,90.0,top,C11,,C_0805_2012Metric_Pad1.18x1.45mm_HandSolder,10n,smt,True
158.278504,-113.411,90.0,top,C12,,C_0805_2012Metric_Pad1.18x1.45mm_HandSolder,10n,smt,True
160.348504,-113.411,90.0,top,C13,,C_0805_2012Metric_Pad1.18x1.45mm_HandSolder,10n,smt,True
152.291502,-116.204498,0.0,top,C14,,C_0603_1608Metric_Pad1.08x0.95mm_HandSolder,100n,smt,True
131.988502,-104.81375,180.0,top,C15,,C_0603_1608Metric_Pad1.08x0.95mm_HandSolder,100p,smt,True
148.074002,-121.030498,0.0,top,C16,,C_0603_1608Metric_Pad1.08x0.95mm_HandSolder,22p,smt,True
129.482,-90.971,180.0,top,C17,,C_0603_1608Metric_Pad1.08x0.95mm_HandSolder,10u,smt,True
129.482,-89.447,180.0,top,C18,,C_0603_1608Metric_Pad1.08x0.95mm_HandSolder,100n,smt,True
151.871004,-124.719,-90.0,top,C19,,C_0603_1608Metric_Pad1.08x0.95mm_HandSolder,10u,smt,True
152.982504,-113.236,-90.0,top,C2,,C_0603_1608Metric_Pad1.08x0.95mm_HandSolder,10u,smt,True
150.377004,-124.719,-90.0,top,C20,,C_0603_1608Metric_Pad1.08x0.95mm_HandSolder,100n,smt,True
128.282002,-108.97825,-90.0,top,C21,,C_0603_1608Metric_Pad1.08x0.95mm_HandSolder,100n,smt,True
137.016506,-105.342,-90.0,top,C23,,C_0603_1608Metric_Pad1.08x0.95mm_HandSolder,220n,smt,True
142.252002,-112.357,90.0,top,C24,,C_0603_1608Metric_Pad1.08x0.95mm_HandSolder,180p,smt,True
140.728002,-112.2565,90.0,top,C25,,C_0603_1608Metric_Pad1.08x0.95mm_HandSolder,680p,smt,True
135.806002,-114.9615,-90.0,top,C26,,C_0603_1608Metric_Pad1.08x0.95mm_HandSolder,100n,smt,True
138.341502,-113.19575,0.0,top,C27,,C_0603_1608Metric_Pad1.08x0.95mm_HandSolder,100p,smt,True
132.854002,-108.97825,-90.0,top,C28,,C_0603_1608Metric_Pad1.08x0.95mm_HandSolder,1u,smt,True
134.124002,-125.2095,180.0,top,C29,,C_0603_1608Metric_Pad1.08x0.95mm_HandSolder,100p,smt,True
151.458504,-113.236,-90.0,top,C3,,C_0603_1608Metric_Pad1.08x0.95mm_HandSolder,10u,smt,True
144.140506,-105.2105,90.0,top,C30,,C_0603_1608Metric_Pad1.08x0.95mm_HandSolder,100n,smt,True
141.588506,-119.583,-90.0,top,C31,,C_0603_1608Metric_Pad1.08x0.95mm_HandSolder,100n,smt,True
140.064506,-119.583,-90.0,top,C32,,C_0603_1608Metric_Pad1.08x0.95mm_HandSolder,10u,smt,True
133.985,-112.5095,0.0,top,C33,,C_0603_1608Metric_Pad1.08x0.95mm_HandSolder,100n,smt,True
129.806002,-108.97825,-90.0,top,C34,,C_0603_1608Metric_Pad1.08x0.95mm_HandSolder,10u,smt,True
143.112506,-119.55,-90.0,top,C35,,C_0603_1608Metric_Pad1.08x0.95mm_HandSolder,10u,smt,True
174.752,-92.3555,90.0,top,C36,,C_0603_1608Metric_Pad1.08x0.95mm_HandSolder,x,smt,True
171.704,-92.3555,90.0,top,C37,,C_0603_1608Metric_Pad1.08x0.95mm_HandSolder,x,smt,True
168.656,-92.3555,90.0,top,C38,,C_0603_1608Metric_Pad1.08x0.95mm_HandSolder,x,smt,True
136.343,-88.685,0.0,top,C39,,C_0603_1608Metric_Pad1.08x0.95mm_HandSolder,10u,smt,True
153.395004,-124.719,90.0,top,C4,,C_0603_1608Metric_Pad1.08x0.95mm_HandSolder,100n,smt,True
136.343,-90.209,0.0,top,C40,,C_0603_1608Metric_Pad1.08x0.95mm_HandSolder,100n,smt,True
129.3865,-98.3985,180.0,top,C41,,C_0603_1608Metric_Pad1.08x0.95mm_HandSolder,10u,smt,True
129.3865,-96.8745,180.0,top,C42,,C_0603_1608Metric_Pad1.08x0.95mm_HandSolder,100n,smt,True
136.2475,-96.1125,0.0,top,C43,,C_0603_1608Metric_Pad1.08x0.95mm_HandSolder,100n,smt,True
136.2475,-97.6365,0.0,top,C44,,C_0603_1608Metric_Pad1.08x0.95mm_HandSolder,10u,smt,True
128.240505,-93.967001,90.0,top,C45,,C_0603_1608Metric_Pad1.08x0.95mm_HandSolder,100n,smt,True
119.888,-93.599,90.0,top,C46,,C_0603_1608Metric_Pad1.08x0.95mm_HandSolder,470n,smt,True
163.322,-88.646,180.0,top,C47,,C_0603_1608Metric_Pad1.08x0.95mm_HandSolder,x,smt,True
159.9195,-88.646,0.0,top,C48,,C_0603_1608Metric_Pad1.08x0.95mm_HandSolder,x,smt,True
163.576,-96.1655,0.0,top,C49,,C_0603_1608Metric_Pad1.08x0.95mm_HandSolder,100n,smt,True
131.330002,-108.97825,-90.0,top,C5,,C_0603_1608Metric_Pad1.08x0.95mm_HandSolder,10u,smt,True
160.782,-103.124,0.0,top,C50,,C_0603_1608Metric_Pad1.08x0.95mm_HandSolder,100n,smt,True
157.48,-91.747,90.0,top,C51,,C_0603_1608Metric_Pad1.08x0.95mm_HandSolder,100n,smt,True
163.576,-94.488,0.0,top,C52,,C_0603_1608Metric_Pad1.08x0.95mm_HandSolder,1u,smt,True
154.178,-102.616,180.0,top,C53,,C_0603_1608Metric_Pad1.08x0.95mm_HandSolder,100n,smt,True
148.101999,-91.935499,-90.0,top,C54,,C_0603_1608Metric_Pad1.08x0.95mm_HandSolder,100n,smt,True
148.158002,-119.252498,0.0,top,D1,,D_SOD-323F,"BAT46WJ,115",smt,True
140.158002,-123.9455,180.0,top,D5,,RB068LB100TBR1,755-RB068LB100TBR1,smt,True
175.26,-94.8955,0.0,top,D6,,D_SOD-523,1N4148WS,smt,True
143.129,-91.576,90.0,top,D7,,LED_0805_2012Metric_Pad1.15x1.40mm_HandSolder,LED,smt,True
155.956,-91.8,-90.0,top,FB2,,C_0603_1608Metric_Pad1.08x0.95mm_HandSolder,120R,smt,True
140.850506,-105.1865,90.0,top,IC1,,AD5121BCPZ100-RL7,AD5121BCPZ100-RL7,smt,True
124.983504,-94.029,180.0,top,IC2,,SON40P300X300X80-15N,MAX17260SETD+,smt,True
171.958,-88.011,0.0,top,J1,,Tag-Connect_TC2030-IDC-NL_2x03_P1.27mm_Vertical,TC2030_SWD-MCP-NL,tht,True
141.730506,-109.0205,0.0,top,JP1,,SolderJumper-2_P1.3mm_Open_RoundedPad1.0x1.5mm,SolderJumper_2_Open,tht,True
150.607,-110.236,0.0,bottom,JP2,,SolderJumper-2_P1.3mm_Open_RoundedPad1.0x1.5mm,SolderJumper_2_Open,tht,True
124.46,-104.013,0.0,top,JP3,,SolderJumper-2_P1.3mm_Open_RoundedPad1.0x1.5mm,SolderJumper_2_Open,tht,True
148.209,-95.504,-90.0,bottom,JP4,,SolderJumper-2_P1.3mm_Open_RoundedPad1.0x1.5mm,SolderJumper_2_Open,tht,True
169.870004,-118.4695,0.0,top,L1,,L_Coilcraft_XAL1350-XXX,x,smt,True
174.752,-98.552,-90.0,top,L2,,Wurth Coil Connector,6.8u,smt,True
132.9005,-86.653,180.0,top,L4,,L_Murata_DFE201610P,2u2,smt,True
132.879,-94.0805,180.0,top,L5,,L_Murata_DFE201610P,2u2,smt,True
124.726002,-118.6055,0.0,top,L6,,WE-DD_12XX_CROSSED12,744870006,smt,True
159.861002,-118.0375,0.0,top,Q1,,EPC8000,EPC8010,smt,True
159.861002,-120.522498,0.0,top,Q2,,EPC8000,EPC8010,smt,True
134.124002,-122.1615,0.0,top,Q4,,EPC2X200M,EPC2019,smt,True
148.074002,-117.474498,180.0,top,R1,,R_0603_1608Metric_Pad0.98x0.95mm_HandSolder,100,smt,True
131.988502,-106.33775,180.0,top,R10,,R_0603_1608Metric_Pad0.98x0.95mm_HandSolder,10k,smt,True
135.492506,-105.361,-90.0,top,R11,,R_0603_1608Metric_Pad0.98x0.95mm_HandSolder,9.31k,smt,True
140.728002,-115.709,90.0,top,R12,,R_0603_1608Metric_Pad0.98x0.95mm_HandSolder,64.9k,smt,True
134.028002,-118.502,90.0,top,R13,,R_0603_1608Metric_Pad0.98x0.95mm_HandSolder,100,smt,True
132.504002,-118.502,90.0,top,R14,,R_0603_1608Metric_Pad0.98x0.95mm_HandSolder,100,smt,True
139.204002,-115.73575,90.0,top,R15,,R_0603_1608Metric_Pad0.98x0.95mm_HandSolder,100,smt,True
138.286506,-119.6875,-90.0,top,R16,,R_0805_2012Metric_Pad1.20x1.40mm_HandSolder,5.149m,smt,True
157.226,-108.458,180.0,top,R17,,R_0603_1608Metric_Pad0.98x0.95mm_HandSolder,10k,smt,True
139.036506,-109.104,-90.0,top,R18,,R_0603_1608Metric_Pad0.98x0.95mm_HandSolder,500k,smt,True
157.226,-106.934,180.0,top,R19,,R_0603_1608Metric_Pad0.98x0.95mm_HandSolder,10k,smt,True
156.456002,-120.522498,0.0,top,R2,,R_0603_1608Metric_Pad0.98x0.95mm_HandSolder,0,smt,True
147.421,-112.776,0.0,top,R20,,R_1206_3216Metric_Pad1.30x1.75mm_HandSolder,20m,smt,True
173.228,-92.3555,90.0,top,R21,,R_0603_1608Metric_Pad0.98x0.95mm_HandSolder,x,smt,True
172.212,-94.8955,180.0,top,R22,,R_0603_1608Metric_Pad0.98x0.95mm_HandSolder,x,smt,True
170.18,-92.3555,90.0,top,R23,,R_0603_1608Metric_Pad0.98x0.95mm_HandSolder,x,smt,True
136.343,-91.733,0.0,top,R24,,R_0603_1608Metric_Pad0.98x0.95mm_HandSolder,16k2,smt,True
136.2475,-99.1605,0.0,top,R25,,R_0603_1608Metric_Pad0.98x0.95mm_HandSolder,36k5,smt,True
125.042005,-96.761001,180.0,top,R26,,R_0603_1608Metric_Pad0.98x0.95mm_HandSolder,10k NTC,smt,True
124.938505,-90.665001,0.0,top,R27,,R_1206_3216Metric_Pad1.30x1.75mm_HandSolder,20m,smt,True
124.989504,-98.326,180.0,top,R28,,R_0603_1608Metric_Pad0.98x0.95mm_HandSolder,10k,smt,True
172.1885,-96.52,180.0,top,R29,,R_0603_1608Metric_Pad0.98x0.95mm_HandSolder,10k,smt,True
156.456002,-118.618,0.0,top,R3,,R_0603_1608Metric_Pad0.98x0.95mm_HandSolder,0,smt,True
151.8065,-89.241999,180.0,top,R30,,R_0603_1608Metric_Pad0.98x0.95mm_HandSolder,10k,smt,True
144.907,-91.5435,90.0,top,R31,,R_0603_1608Metric_Pad0.98x0.95mm_HandSolder,x,smt,True
155.014504,-124.716,90.0,top,R7,,R_0603_1608Metric_Pad0.98x0.95mm_HandSolder,10k,smt,True
156.508504,-124.716,90.0,top,R8,,R_0603_1608Metric_Pad0.98x0.95mm_HandSolder,10k,smt,True
129.552002,-105.47225,-90.0,top,R9,,R_0603_1608Metric_Pad0.98x0.95mm_HandSolder,15k,smt,True
151.892,-91.948,0.0,top,SW1,,SW_Push_1P1T_NO_CK_KMR2,SW_Push,smt,True
140.462,-87.122,0.0,top,TP10,,TestPoint_THTPad_2.5x2.5mm_Drill1.2mm,SDA,tht,True
144.018,-87.122,0.0,top,TP11,,TestPoint_THTPad_2.5x2.5mm_Drill1.2mm,SCL,tht,True
119.732504,-89.274,180.0,top,TP12,,TestPoint_THTPad_2.5x2.5mm_Drill1.2mm,Vbat-,tht,True
165.227,-102.616,180.0,bottom,TP13,,TestPoint_Pad_2.5x2.5mm,TIM22,tht,True
174.752,-97.409,180.0,bottom,TP14,,TestPoint_Pad_2.5x2.5mm,USART_TX,tht,True
174.752,-93.853,180.0,bottom,TP15,,TestPoint_Pad_2.5x2.5mm,USART_RX,tht,True
147.574,-87.122,0.0,top,TP16,,TestPoint_THTPad_2.5x2.5mm_Drill1.2mm,LPUART_RX,tht,True
170.688,-101.6,180.0,top,TP2,,TestPoint_THTPad_2.5x2.5mm_Drill1.2mm,Coil+,tht,True
170.688,-106.172,180.0,top,TP3,,TestPoint_THTPad_2.5x2.5mm_Drill1.2mm,Coil-,tht,True
166.878,-108.966,90.0,top,TP4,,TestPoint_THTPad_2.5x2.5mm_Drill1.2mm,SW,tht,True
146.304,-124.46,0.0,top,TP5,,TestPoint_THTPad_2.5x2.5mm_Drill1.2mm,CLK,tht,True
149.606,-107.188,90.0,top,TP6,,TestPoint_THTPad_2.5x2.5mm_Drill1.2mm,Vout,tht,True
119.900002,-108.9535,-90.0,top,TP7,,TestPoint_THTPad_2.5x2.5mm_Drill1.2mm,Vin,tht,True
153.162,-107.188,90.0,top,TP8,,TestPoint_THTPad_2.5x2.5mm_Drill1.2mm,GND,tht,True
119.708504,-98.612,0.0,top,TP9,,TestPoint_THTPad_2.5x2.5mm_Drill1.2mm,Vbat+,tht,True
152.392002,-120.227497,90.0,top,U1,,LMG1210,LMG1210RVRR,smt,True
132.9375,-90.2665,90.0,top,U2,,WSON-10-1EP_2.5x2.5mm_P0.5mm_EP1.2x2mm_ThermalVias,TPS63900,smt,True
132.85,-97.582,90.0,top,U3,,WSON-10-1EP_2.5x2.5mm_P0.5mm_EP1.2x2mm_ThermalVias,TPS63900,smt,True
148.209,-98.425,0.0,top,U4,,dramco_logo_small,~,tht,True
133.308001,-114.808,-90.0,top,U5,,DRV0006A,UCC27611DRVR,smt,True
136.193508,-108.97475,90.0,top,U6,,DSS0012B,LM51561DSSR,smt,True
157.6,-97.6895,-90.0,top,U7,,QFN-32-1EP_5x5mm_P0.5mm_EP3.45x3.45mm,STM32L071KZUx,smt,True
133.858,-119.253,180.0,bottom,U8,,Jona Name,~,smt,True
129.032,-116.459,180.0,bottom,U9,,dramco_logo_small,~,tht,True
161.652001,-91.494999,180.0,top,Y1,,ABS07,ABS07-32.768KHZ-7-T,smt,True
