﻿designator,quantity,value,pack,mpn,mount_type
"C1, C14, C18, C20, C21, C26, C30, C31, C33, C4, C40, C42, C43, C45, C49, C50, C51, C53, C54",19,100n,C_0603_1608Metric_Pad1.08x0.95mm_HandSolder,,smt
C10,1,1u 50V,C_0805_2012Metric_Pad1.18x1.45mm_HandSolder,,smt
"C11, C12, C13",3,10n,C_0805_2012Metric_Pad1.18x1.45mm_HandSolder,,smt
"C15, C27, C29",3,100p,C_0603_1608Metric_Pad1.08x0.95mm_HandSolder,,smt
C16,1,22p,C_0603_1608Metric_Pad1.08x0.95mm_HandSolder,,smt
"C17, C19, C2, C3, C32, C34, C35, C39, C41, C44, C5",11,10u,C_0603_1608Metric_Pad1.08x0.95mm_HandSolder,,smt
C23,1,220n,C_0603_1608Metric_Pad1.08x0.95mm_HandSolder,,smt
C24,1,180p,C_0603_1608Metric_Pad1.08x0.95mm_HandSolder,,smt
C25,1,680p,C_0603_1608Metric_Pad1.08x0.95mm_HandSolder,,smt
"C28, C52",2,1u,C_0603_1608Metric_Pad1.08x0.95mm_HandSolder,,smt
"C36, C37, C38, C47, C48",5,x,C_0603_1608Metric_Pad1.08x0.95mm_HandSolder,,smt
C46,1,470n,C_0603_1608Metric_Pad1.08x0.95mm_HandSolder,,smt
D1,1,"BAT46WJ,115",D_SOD-323F,,smt
D5,1,755-RB068LB100TBR1,RB068LB100TBR1,,smt
D6,1,1N4148WS,D_SOD-523,,smt
D7,1,LED,LED_0805_2012Metric_Pad1.15x1.40mm_HandSolder,,smt
FB2,1,120R,C_0603_1608Metric_Pad1.08x0.95mm_HandSolder,,smt
IC1,1,AD5121BCPZ100-RL7,AD5121BCPZ100-RL7,,smt
IC2,1,MAX17260SETD+,SON40P300X300X80-15N,,smt
J1,1,TC2030_SWD-MCP-NL,Tag-Connect_TC2030-IDC-NL_2x03_P1.27mm_Vertical,,tht
"JP1, JP2, JP3, JP4",4,SolderJumper_2_Open,SolderJumper-2_P1.3mm_Open_RoundedPad1.0x1.5mm,,tht
L1,1,x,L_Coilcraft_XAL1350-XXX,,smt
L2,1,6.8u,Wurth Coil Connector,,smt
"L4, L5",2,2u2,L_Murata_DFE201610P,,smt
L6,1,744870006,WE-DD_12XX_CROSSED12,,smt
"Q1, Q2",2,EPC8010,EPC8000,,smt
Q4,1,EPC2019,EPC2X200M,,smt
"R1, R13, R14, R15",4,100,R_0603_1608Metric_Pad0.98x0.95mm_HandSolder,,smt
"R10, R17, R19, R28, R29, R30, R7, R8",8,10k,R_0603_1608Metric_Pad0.98x0.95mm_HandSolder,,smt
R11,1,9.31k,R_0603_1608Metric_Pad0.98x0.95mm_HandSolder,,smt
R12,1,64.9k,R_0603_1608Metric_Pad0.98x0.95mm_HandSolder,,smt
R16,1,5.149m,R_0805_2012Metric_Pad1.20x1.40mm_HandSolder,,smt
R18,1,500k,R_0603_1608Metric_Pad0.98x0.95mm_HandSolder,,smt
"R2, R3",2,0,R_0603_1608Metric_Pad0.98x0.95mm_HandSolder,,smt
"R20, R27",2,20m,R_1206_3216Metric_Pad1.30x1.75mm_HandSolder,,smt
"R21, R22, R23, R31",4,x,R_0603_1608Metric_Pad0.98x0.95mm_HandSolder,,smt
R24,1,16k2,R_0603_1608Metric_Pad0.98x0.95mm_HandSolder,,smt
R25,1,36k5,R_0603_1608Metric_Pad0.98x0.95mm_HandSolder,,smt
R26,1,10k NTC,R_0603_1608Metric_Pad0.98x0.95mm_HandSolder,,smt
R9,1,15k,R_0603_1608Metric_Pad0.98x0.95mm_HandSolder,,smt
SW1,1,SW_Push,SW_Push_1P1T_NO_CK_KMR2,,smt
TP10,1,SDA,TestPoint_THTPad_2.5x2.5mm_Drill1.2mm,,tht
TP11,1,SCL,TestPoint_THTPad_2.5x2.5mm_Drill1.2mm,,tht
TP12,1,Vbat-,TestPoint_THTPad_2.5x2.5mm_Drill1.2mm,,tht
TP13,1,TIM22,TestPoint_Pad_2.5x2.5mm,,tht
TP14,1,USART_TX,TestPoint_Pad_2.5x2.5mm,,tht
TP15,1,USART_RX,TestPoint_Pad_2.5x2.5mm,,tht
TP16,1,LPUART_RX,TestPoint_THTPad_2.5x2.5mm_Drill1.2mm,,tht
TP2,1,Coil+,TestPoint_THTPad_2.5x2.5mm_Drill1.2mm,,tht
TP3,1,Coil-,TestPoint_THTPad_2.5x2.5mm_Drill1.2mm,,tht
TP4,1,SW,TestPoint_THTPad_2.5x2.5mm_Drill1.2mm,,tht
TP5,1,CLK,TestPoint_THTPad_2.5x2.5mm_Drill1.2mm,,tht
TP6,1,Vout,TestPoint_THTPad_2.5x2.5mm_Drill1.2mm,,tht
TP7,1,Vin,TestPoint_THTPad_2.5x2.5mm_Drill1.2mm,,tht
TP8,1,GND,TestPoint_THTPad_2.5x2.5mm_Drill1.2mm,,tht
TP9,1,Vbat+,TestPoint_THTPad_2.5x2.5mm_Drill1.2mm,,tht
U1,1,LMG1210RVRR,LMG1210,,smt
"U2, U3",2,TPS63900,WSON-10-1EP_2.5x2.5mm_P0.5mm_EP1.2x2mm_ThermalVias,,smt
"U4, U9",2,~,dramco_logo_small,,tht
U5,1,UCC27611DRVR,DRV0006A,,smt
U6,1,LM51561DSSR,DSS0012B,,smt
U7,1,STM32L071KZUx,QFN-32-1EP_5x5mm_P0.5mm_EP3.45x3.45mm,,smt
U8,1,~,Jona Name,,smt
Y1,1,ABS07-32.768KHZ-7-T,ABS07,,smt
